,p30,p1,p31,p24,p38,p6,p34,p36,p35,p7,p37,
n1,-4.976116550384256,-5.799935356936052,-4.760949384058145,0.0,-1.0043083717157886,-2.414703004181331,-2.5704523806055675,-2.5757944436841673,-3.0093444801411735,-5.672281711096835,-4.608560363542921,
n2,-4.865571014115171,-5.721309542492243,-4.740911743535062,0.0,-0.9637425267347214,-2.365583691619613,-2.5189656493962223,-2.5219701545308593,-2.9492587252439217,-5.470339504022997,-4.459720421400049,
n3,-4.662061681864433,-6.869374486930092,-5.259769174611731,0.0,-1.1150779842752385,-2.9654188166187705,-3.2659296564357456,-2.9050512379198135,-2.647686936048616,-4.765598474363777,-3.502959264304461,
n4,-4.0240615322075985,-5.8306783494477425,-4.847075592313385,0.0,-1.287627574118372,-2.3132045040857516,-2.4674179882248017,-2.431495184231944,-3.961399498317831,-5.632852536162248,-4.247869979653569,
n5,-4.288489804574074,-5.785209620943196,-4.801606863808839,-6160.340704381452,-1.218198379240226,-2.190303284377574,-2.3413768837762565,-2.3413769257762564,-3.510945497713984,-5.225228336059663,-3.901630080863577,
n6,-5.026188170989569,-5.801743012360036,-4.442361379431013,-519.5465496757167,-1.5131269733724213,-2.1535837172633236,-2.175746078678773,-2.2971558576142113,-2.4014473773592537,-5.82181030806203,-4.421810308062033,
n7,-5.182180096444728,-5.951496966936074,-4.590388122621495,0.0,-1.3723501808883118,-2.216521372368489,-2.216303761281783,-2.365546599581519,-2.2699227693703334,-6.079550133679353,-4.679550133679354,
n8,-4.916329607883469,-5.885769602472361,-4.794975060628014,0.0,-1.413515359101792,-1.793921031157929,-1.9135401725858385,-1.9135402145858385,-2.2155810638679685,-5.823087857359411,-4.4151452775553155,
n9,-3.2712538418887593,-4.606087926351054,-3.991035363366447,-2006.0048720515326,-1.085439002422138,-1.486349446770754,-1.5854392604221381,-1.585439302422138,-3.224556767688003,-4.1681174080603185,-3.2402015870652345,
n10,-3.3535525541361015,-4.588909488383687,-3.846149628009128,-1320.7546142081035,-0.8779115197532215,-1.6508349866688647,-1.761087770449461,-1.761087812449461,-2.962819668953225,-3.762539341474254,-2.773748269851414,
n11,-3.431638001950461,-4.352118927074834,-3.6594755282208755,0.0,-0.9793373008125029,-1.428901037259918,-1.5241609569439127,-1.5241609989439127,-2.8929889501578936,-3.869854918999593,-3.0712898542849465,
n12,-3.115158144815607,-4.074487540063661,-3.344126011648442,0.0,-0.8759080201506163,-1.3996337615246806,-1.4929425294929926,-1.4927921317116408,-2.569772448089498,-3.553375061864738,-3.042121991974085,
n13,-3.6054671356976917,-4.836404178321509,-4.101364665942666,0.0,-0.9595803318919536,-1.7721386015415563,-1.8902810255109939,-1.890281067510994,-2.7076046310196866,-3.928527981338489,-2.972765099633536,
n14,-4.29907551633529,-5.384501595653734,-4.410312750624293,0.0,-0.9861173687586312,-2.240810450959789,-2.3801252495093292,-2.390197706890442,-2.7478916885701974,-4.901721389176573,-4.067831368566764,
n15,-4.029477717046864,-4.628835752042464,-3.712625790747065,0.0,-0.832238178148426,-1.9766854572455959,-2.1084643382619683,-2.1084643802619683,-2.8736200481529584,-4.454910339310241,-3.4991474576052872,
n16,-2.65010581570304,-3.7124125074770933,-3.0119915668937645,-1554.4904133009006,-0.42717690740986325,-2.1725478022544755,-2.0070293447047143,-2.1157184807589116,-2.4745309975118213,-3.339190655680769,-2.41347331233909,
n17,-4.360439940010974,-5.7494966047947935,-4.694599111598927,-4784.504262090143,-0.4142912938708538,-2.8857080363070233,-2.6454519223705932,-3.0606887807497056,-3.3335154748299427,-5.363999341946746,-4.113023938231388,
n18,-4.289824985429438,-6.090251640855679,-4.9948253410657655,0.0,-0.2920914741726541,-3.053369642546878,-2.598363255421297,-3.1521796664445167,-2.867129951930827,-5.151871823464339,-4.135751103782891,
n19,-3.1316249004575742,-4.430150445811641,-3.6997889173964214,306.1784681571424,-0.8518779870821102,-1.6644889189634893,-1.7755421122515909,-1.7755421542515908,-3.0441744585504473,-3.5406508814244875,-2.8706276274254767,
n20,-2.325171613232896,-3.2323208507826666,-2.5736016182958,0.0,-0.2665578439878075,-1.9312513146431765,-1.787860712218609,-1.9036193801188885,-2.136524645942526,-2.7925443659410267,-1.8993405973797994,
n21,-4.05288169467944,-5.052002060530906,-4.072046942156317,0.0,-0.8355564808604775,-2.396273914290204,-2.535632728719735,-2.55602540110955,-2.5954151853116008,-4.8655546015342415,-3.5547821217910838,
n22,-1.124003588512843,-1.3727623875209176,-1.1467739499409373,0.0,-0.34470688553935386,-1.560004234155059,-1.3427813636356676,-1.5305578557736501,-0.7499058734856299,-1.1942440424281258,-0.8786040765337664,
n23,-1.026864097862569,-1.2409455641891507,-1.002267995845742,0.0,-0.3770869009464502,-1.5243865642091194,-1.2995726532790999,-1.4993212650637195,-0.6000131857349851,-1.1317187283804382,-0.7340981224385713,
n24,-1.6746863869746316,-2.049847750869329,-1.7142167707620135,0.0,-0.19419104797011663,-1.7537640861788841,-1.568231838467421,-1.7434010464006482,-1.4490518736794098,-1.8741420448348245,-1.5268933736323218,
n25,-1.0482790356369303,-1.1141632735465161,-0.782784152510283,0.0,-0.36469287496578867,-1.5223872095552438,-1.322830395447087,-1.470347761024347,-0.38052934239952596,-1.0337410044084354,-0.546489135113501,
n26,-0.7533030468245069,-0.8527025230815033,-0.613325961606015,0.0,-0.45905017014790983,-1.4339406745833085,-1.223548344534805,-1.384308952691312,-0.3007155269176916,-0.7721957146163321,-0.34515608819884397,
n27,-1.4385278286783636,-1.8739116270267413,-1.3461053713426039,0.0,-0.04046108323848673,-1.8338400861877115,-1.4836370030033292,-1.7096034793416677,-0.43313290209211663,-1.5060306454154155,-1.2897750858370727,
n28,-1.3807965306335954,-1.6505257033594163,-1.4707062548755356,0.0,-0.01047280462235559,-1.3686370421224372,-1.153777716733766,-1.2593104108650577,-0.5901299526550268,-1.4732911498498371,-1.1885314202524362,
n29,-1.5525467213305395,-1.9359660816615718,-1.3812997749986415,0.0,-0.02934098891142847,-1.5960071001688847,-1.3943279576989815,-1.5109722522945876,-0.5613370429178449,-1.1746250451947728,-0.8892474396554135,
n30,-0.8403932781454979,-0.9073276524028553,-0.8660247394958693,0.0,0.015988154224295503,-0.783817093846132,-0.5321025440779188,-0.6558771292741508,-0.7723560889133013,-0.11212737110525489,0.0069377100510890485,
n31,-1.1309060071395718,-1.195853852699098,-1.154550939792112,0.0,0.23668219619377076,-0.6593323185497479,-0.4433094068911472,-0.5622939363105882,-0.5924809304067896,0.558240439766783,0.2921442547547754,
n32,-0.8970298855362169,-1.0954110001049502,-0.7455402968104134,0.0,-0.2091919913213198,-1.1579909973667315,-0.9425607839500709,-1.0348102405801685,0.07015948712343754,-0.8438512778822554,-0.4399190766396809,
n33,-1.0739733512732756,-0.7472334232935205,-0.5548329325640131,0.0,0.23121180324145207,-0.17271354669146433,-0.19291982606095612,0.0010400460685746288,0.9024590830664058,0.2413491663972646,0.29966401664225056,
n34,-0.6578004856620149,-0.7109103479513691,-0.6696074350443835,0.0,0.2190268036327114,-0.5417640519857134,-0.3270221334925731,-0.48311465911570906,-0.06505941378633222,0.4265041733828938,0.45541621241778396,
n35,-4.183992788793066,-6.132436392384044,-5.0521554954082895,-3583.473618340159,-0.9612802071785355,-2.6351590635703284,-3.018564464493732,-2.9848400286280046,-4.072978312021073,-5.596801902153544,-4.183354331855193,
n36,-4.4309668414560734,-6.188652243389589,-4.95015465370595,90.23074449028285,-1.1028508835278663,-2.7697726082417296,-2.960697728456358,-2.971353614594632,-3.521036843362783,-5.044860433495255,-3.8098437514936396,
n37,-4.454474052281269,-5.806116217865196,-4.826161099490606,0.0,-0.8883560101679435,-2.5865895781556336,-2.7588248903657413,-2.7590287758993433,-3.3572990480222145,-5.202055249138365,-4.1555267924502,
n38,-1.7071559427732643,-1.002793550017816,-0.6982732502488831,0.0,0.1263382593660848,-1.2045639473071243,-0.9661420094388723,-1.0824998446315675,-1.5774204826130382,-1.2494998458934325,-0.06361848749329238,
n39,-4.18180269547608,-4.583706654960209,-3.4032373091785213,0.0,-0.7834941850510772,-2.1940238960270095,-2.275335639870422,-2.341163091200454,-3.0994313716677095,-4.052126198880138,-2.9853893347560203,
n40,-5.430910762794468,-6.8672490117613485,-5.2184920562111,0.0,-0.9575603964826311,-2.7360475224595775,-3.114164825700352,-2.6416380441804694,-2.145947126834578,-3.9428974784210835,-2.6797930338690117,
n41,-3.055302683469645,-4.272664221578065,-3.4042138833371247,0.0,0.21531071145311936,-2.5504965263941335,-1.9228870925044772,-2.537682495896034,-0.7438501287511406,-3.393324457980759,-2.294234675755532,
n42,-2.8229040923644586,-3.918002289740133,-3.102498450160142,0.0,0.21710933955233108,-2.452927801004571,-1.8110914350281888,-2.4259374815425825,-0.34843613927143796,-2.9947047895258616,-1.9161876180000301,
n43,-0.8298495593879537,-1.0706747406006383,-0.8908552921167578,0.0,-0.1250522976487915,-1.1919569216633261,-0.9688661407461671,-1.0781182960561315,-0.18001857881853073,-0.9260555178700557,-0.6000931400928441,
n44,-0.7066827976505391,-0.8660084867371298,-0.7233180450230203,0.0,-0.08163482682615092,-1.1358498273963582,-0.88870039563283,-1.0070976934805929,0.28298630009519615,-0.7770433534436001,-0.36811010067255134,
n45,-1.073692552464814,-1.3026023008673684,-0.8899181671793235,0.0,-0.43866992765080803,-1.4778676476859283,-1.3488042012802026,-1.4560398286124923,-0.5069563400601976,-1.0437546852818163,-0.5847978400131099,
n46,-1.3682037980613124,-1.5801986775416361,-1.205863119349502,0.0,-0.2566890600480848,-1.6261624982148648,-1.3967755114551559,-1.6197191059620852,-0.7467531660657775,-1.5005264573388668,-1.009785540785723,
n47,-1.0810029109536472,-1.325266060033355,-0.9040688211349429,0.0,-0.2511413812503821,-1.6256231243835542,-1.4363468679246392,-1.5021802403785116,-0.375661053742401,-1.1294343450154902,-0.7079912425711641,
n48,-0.6373709413075215,-0.5867023457623415,-0.5239344224071684,0.0,0.10455579897015914,-0.40420461900507537,-0.18303935883516548,-0.3983902398482406,-0.06273682559729911,-0.10873218221961935,-0.015469291778726843,
n49,-0.6675197019512424,-0.7573339927144594,-0.6945660693592864,0.0,0.18596888071945294,-0.4462536999729087,-0.22927974203377458,-0.3438260794741301,0.14587063524016958,0.14442708720495162,0.23768997764584412,
n50,-1.300717264623746,-0.3419064143380498,-0.2791384909828768,0.0,0.30108839652847463,-0.2562944311711578,-0.03772822439365637,-0.18611941638704865,0.23114271688203686,0.5546141410966055,0.647877031537498,
n51,-1.5766674572117736,-0.11696535259835708,-0.09272552813068873,0.0,0.40185219073798,-0.17350937339474942,0.06303556981584896,-0.08663656874065609,-0.08374414002266724,0.8654980399915817,0.9587609304324741,
n52,-0.8510540023315247,-0.6577224944516199,-0.6334826699839516,0.0,0.17163686289461297,-0.17382036251053384,0.06270384809234553,-0.26188882715774653,0.4679097123348605,0.3178347324381744,0.4110976228790669,
n53,-0.5641097118122415,-0.6227420111381908,-0.5814390982312051,0.0,0.17756554108916628,-0.5242256142039916,-0.3283662585848001,-0.43489386340455455,-0.2157494003836901,0.33281339953312045,0.3617254385680106,
n54,-0.6901727971238765,-0.44135310273216044,-0.35713329942952676,0.0,0.06363743110313866,-0.4200570974022438,-0.18808250433380952,-0.3277252865861364,0.1680509591913677,0.5137660474018064,0.20376874863811043,
n55,-0.9115045611384159,-0.8440615270956857,-0.6516610363661782,0.0,0.15774600705231437,-0.25269306747048353,-0.10353108133441478,-0.06553786191604351,0.7309514892927098,0.23982119350487185,0.10818020476571437,
n56,-4.14642184286501,-6.473197241980653,-5.286499068261506,-3201.657688297629,-1.1797534697045249,-2.6891285704889882,-2.8627119677159474,-2.8692081509350373,-2.7455530849596514,-5.749795890616026,-4.51477920861441,
n57,-4.5642906817837865,-6.0553284030618775,-4.868630229342731,0.0,-1.112637125412107,-2.566741719034552,-2.72899393926194,-2.7378577261701893,-2.7449743334078374,-6.111944636455558,-4.876927954453943,
n58,-4.239437918728757,-6.536613988591552,-5.350629570011764,0.0,-1.0933327914481914,-2.5698835729543448,-2.7630066171834637,-2.771008007412895,-3.0542060063003067,-5.629945295786526,-4.394928613784911,
n59,-4.254080656982061,-6.315833497131839,-5.121142163144919,0.0,-1.0228108558626523,-2.5792991947896713,-2.749208361685359,-2.7512523669756495,-2.9621583022437505,-6.394010392987679,-5.1589937109860635,
n60,-4.812704338999963,-7.227112330544953,-5.617507018226592,739.2198297799378,-1.0620574732212338,-2.8979805782428048,-3.3119908813145926,-2.839464092413128,-2.7192437281268758,-4.471472347120218,-3.2829530177552826,
n61,-4.878639196992845,-7.298682601557835,-5.689077289239475,0.0,-1.0323655055975596,-2.901728992200064,-3.2822989136909184,-2.8165616056890053,-2.6818895395744793,-4.378792991556003,-3.190165618931301,
n62,-4.639560417282704,-7.312948212275495,-5.664191256725247,-2627.063750795027,-1.064107775148854,-2.7823409137628263,-3.206330681237866,-2.8119966102593543,-2.8862845902408147,-4.619240447795454,-3.0496962801278493,
n63,-4.048885990465309,-6.03690674012057,-5.053303982986213,-3266.1359261118864,-1.2572818407660338,-2.2602236599153853,-2.410905087776411,-2.410905129776411,-3.762642616891357,-5.4360863386653415,-4.041641588980742,
n64,-4.278186388411422,-5.696540500877754,-4.520999636236417,-1005.0848329702363,-1.432377560923828,-2.0988468915416525,-2.2053772371166236,-2.2387699101777634,-3.2604951643984688,-5.7626442929939365,-4.548016793389734,
n65,-4.389657615596053,-5.960049187733411,-4.784508323092074,-417.24199986701797,-1.48917480128704,-2.1472707697610294,-2.2788564830093807,-2.2904220469450984,-3.128188437150009,-5.731254575724581,-4.331254575724582,
n66,-4.624243936587132,-6.2391444215000815,-4.887845547009172,-5370.297525567418,-1.5686208227278737,-1.9600427015964412,-2.0865463156798354,-2.0907121075695367,-2.7222826119217607,-6.364501092796049,-4.978502488962382,
n67,-4.904649678919749,-6.18046277080395,-4.821081137874929,-8093.184279037134,-1.6565392646682027,-2.02175594262644,-2.1397176780253178,-2.156539564668203,-2.4567863157192593,-6.295350321080253,-4.895350321080253,
n68,-4.364096777357873,-6.769580286022929,-5.408471441708352,0.0,-1.3234029989712275,-2.459468868475189,-2.4780904233895766,-2.623433352240202,-2.654311685848138,-6.897633452766208,-5.49763345276621,
n69,-4.7725013504743945,-6.029597859881436,-4.938803318037089,0.0,-1.4577446706066917,-1.8359258956016684,-1.950311218801794,-1.9583208478417793,-2.290420126745431,-5.9449721387980565,-4.55897353496439,
n70,-4.822213273619107,-5.85117286469027,-4.760378322845922,0.0,-1.3886244735817295,-1.7715622846248715,-1.8834229456212426,-1.889666329466529,-2.306393659364447,-5.7289715230950495,-4.342972919261382,
n71,-4.242916405697628,-5.270909396846186,-4.180114855001838,0.0,-1.2299355396197518,-1.6570193646857025,-1.7579310392737642,-1.76748721486475,-2.749351639863005,-5.33842157355579,-4.223248608277205,
n72,-3.4276609389397943,-4.649248863699908,-3.628533254493926,-6608.923675458045,-0.9939381249450736,-1.405376034243615,-1.4943680449459023,-1.4990676623931884,-2.6232717187894576,-4.684585631478716,-3.63666945127042,
n73,-3.618157120707496,-4.9478580753900365,-3.9277078273145984,-2765.472788381238,-1.1002908239830635,-1.5002730294841213,-1.6002910819830634,-1.6002911239830635,-2.5713322343256104,-5.000908948947071,-3.9603098917713035,
n74,-3.4418990855151153,-5.56077875708873,-4.540063147882749,0.0,-1.0459474778125089,-1.678742195182781,-1.785142647644142,-1.7906582340616333,-2.0990167008261778,-4.731146889935535,-3.3451482861018675,
n75,-4.023004809334795,-5.9930334419555615,-5.009430684821204,0.0,-1.366899659508701,-1.9786441234483998,-2.111280054475456,-2.1052178874859635,-3.0786062186239636,-5.691501636210723,-4.535068998689366,
n76,-4.130116562576281,-5.574108667114291,-4.590505909979934,-8260.233125152563,-1.1844493879515376,-1.9655936383891017,-2.0933080665318595,-2.096633106815043,-2.975646477989643,-5.121344537594588,-3.9649119000732305,
n77,-3.880204360047267,-5.163429143349415,-4.179826386215058,-47.46400890257064,-1.1017552628854337,-2.0764312580628013,-2.2093237815940925,-2.2148599011336545,-2.8891650201202017,-5.1851246116352065,-4.167631232685792,
n78,-3.594051756285349,-5.501468857094815,-4.528609996965869,0.0,-1.023724105592853,-1.8888317534151338,-2.0118419887649517,-2.0149005544483147,-2.439581671698711,-4.661698851749109,-3.4706690777278126,
n79,-3.15893775241109,-5.0876736195638275,-4.121280212931519,0.0,-1.2226053648854653,-1.675729101371058,-1.7874442253291287,-1.7874442673291284,-2.626346911728627,-4.567661923419754,-3.5772865328828707,
n80,-3.305635780431198,-4.812085848283632,-3.8456924416513236,0.0,-1.2154862584651676,-1.6162016144959634,-1.7236563414958745,-1.7239482813290274,-2.901934683008822,-4.843249694699949,-3.8528743041630658,
n81,-3.1855665546611087,-5.3541692117812945,-4.387775805148987,0.0,-1.0686540181712216,-1.7720028522997477,-1.890136226319731,-1.8900680109261812,-2.527590840688631,-4.555974274987947,-3.495183406660132,
n82,-3.4728771766264908,-4.615410645980879,-4.323182437761962,-800.1153867978888,-0.9680275913376611,-1.3846235277942636,-1.4768715254405762,-1.4769316555138812,-2.5653202406501974,-4.400852729174914,-3.8994381141030403,
n83,-3.5090253414671175,-5.418006121811085,-4.501796160515685,0.0,-0.9518442334802091,-1.8113580814140244,-1.9329649808823768,-1.9329650228823765,-2.6563362699406308,-4.170624110604508,-3.2713832398520224,
n84,-3.3125573894984797,-5.458888809233832,-4.542678847938432,0.0,-0.9644505756593504,-1.845625936109714,-1.9665391822148448,-1.9677149890945704,-2.854249010843617,-4.229316104832963,-3.452634419895221,
n85,-3.812281390285889,-4.8327023249970535,-3.8598434648681086,-874.741600858385,-1.1569108666597092,-2.0754129533025103,-2.2031737257953243,-2.213773709389344,-2.400259927716255,-4.825727487753101,-3.8082341088036857,
n86,-3.58663853618657,-4.889812478740071,-3.8909268662751963,-2920.285045321237,-1.213722673667312,-2.1895044271493505,-2.33536282031539,-2.335471281492641,-2.0655073680473857,-4.877882744095785,-3.8281180059674202,
n87,-4.434864598839104,-5.461400814132212,-4.488541954003268,0.0,-0.9894329743668923,-2.240608541412295,-2.386978470919739,-2.3864163214171774,-2.856377486534987,-5.072787977632705,-4.029014006123981,
n88,-4.547219016347837,-5.615745908259562,-4.642887048130617,0.0,-0.9063369200157064,-2.2883291368740615,-2.4530684817734367,-2.458575684222319,-2.7191330174267776,-5.143352003194839,-4.129243609138061,
n89,-4.561887717376252,-5.87561155537244,-4.902752695243495,0.0,-0.8666133634335786,-2.3622307595034044,-2.536783315054222,-2.544434846365889,-2.64573008992785,-5.394161333795777,-4.178263462661014,
n90,-4.005942699527565,-5.382141372427112,-4.383255759962238,0.0,-1.063051060068743,-2.2986966041647103,-2.4500300850175987,-2.4519429369756915,-2.5578362617344266,-4.780113636107128,-3.6000921068124416,
n91,-3.9668179767839478,-5.492755472637824,-4.49386986017295,0.0,-1.0447882885410054,-2.3490102385099916,-2.5058067171947442,-2.4990808476182886,-2.6684503619451387,-4.959706906629347,-3.560967384068824,
n92,-4.505422135418478,-6.212041597981102,-5.231643799023922,0.0,-0.9743292943727012,-2.4583177944460726,-2.6444320338059852,-2.652020374893336,-2.6823200779393988,-5.577201704541545,-4.3421850225399306,
n93,-3.64557908937594,-5.21452806960475,-4.2345729512301595,-1440.0901917932952,-0.983847664498496,-2.3837558245116033,-2.529614986452981,-2.5296150284529806,-2.747184506893796,-4.692424155910964,-3.838943025197401,
n94,-3.6970739267335584,-4.963289699638427,-3.9833345812638363,-7.296194731073754,-0.9342905398874144,-2.3515021978914943,-2.5066879898003203,-2.5082689036175942,-2.6728302065839484,-4.943662525877288,-3.9105898897369658,
n95,-3.8249105067337363,-4.672726506507876,-3.7565165452124756,0.0,-0.8927903364201608,-1.9875895106797117,-2.120095328591692,-2.120095370591692,-3.0781872584660848,-4.659477549623367,-3.7037146679184136,
n96,-3.7976289639577487,-4.860684505131578,-3.9444745438361783,0.0,-0.8893542311050923,-2.0370385336835812,-2.1455137138743385,-2.171685957333043,-2.890229259842382,-4.615295522682633,-3.515756669294711,
n97,-4.435438993054653,-7.858814363140099,-6.210057407589851,0.0,-1.009338865390427,-3.034689053381522,-2.938673027036122,-2.614311416729905,-2.2106260160440216,-3.890104320777178,-2.389272553184529,
n98,-3.9649807537062682,-6.859502285706266,-5.210745330156017,-2954.8244565728314,-0.9257231160798643,-2.743422074292825,-3.0474645429974268,-2.9340912815087314,-3.210119623193259,-4.846968616506407,-3.4374293382643804,
n99,-4.356786720506018,-5.440338039048524,-4.340554413551927,-3618.5038134016418,-0.5143618534083031,-2.8102157459920822,-2.675340663593926,-2.997563354924888,-3.335993192947039,-5.422305194966474,-4.251485892708075,
n100,-3.6021042742394274,-5.018579517850039,-4.104338744249671,-3906.273929990972,-0.4471563996750143,-2.618676406122717,-2.2994329569208416,-2.6226775964485762,-2.015555561209001,-4.980527614521978,-4.032409223191378,
n101,-3.3882823170257854,-4.928023673347433,-4.2276027327641055,369.73757036744,-0.3784274497857094,-2.580886368084064,-2.2307040070315365,-2.5610129853253576,-1.8234743047355348,-4.765749646117899,-3.863344791528679,
n102,-3.362417061507934,-4.8398902452052655,-3.977916950649122,0.0,-0.4739246970171058,-2.517700848339286,-2.326201254262933,-2.529514055970323,-1.84014736748484,-4.795080627541436,-3.901876858980209,
n103,-2.6679972392320526,-4.147846102595219,-3.447425162011891,487.3366591772546,-0.5665156578476637,-2.2391308213865595,-2.0585613162996586,-2.181757106873047,-2.336208786558189,-3.627054686180284,-2.7338509176190566,
n104,-1.9643701539161105,-3.8515883855582267,-3.1928691530713604,0.0,-0.34135499054656226,-2.035589525121567,-1.8387817391288415,-1.9619127117666981,-1.9441240336533976,-3.007581275480455,-2.114377506919228,
n105,-2.0025418323022763,-3.451636425919619,-3.0605736574583378,0.0,-0.2181992924762098,-1.912584228850822,-1.7102449509282047,-1.8339280846823434,-1.5044661463735574,-2.5786632757215893,-2.550021722716921,
n106,-2.2501529783891563,-3.093609337285463,-2.7115599090292286,0.0,-0.09734041321134672,-1.7993291137503422,-1.5961766489612623,-1.7193594163194137,-1.1881897112322448,-2.959416313245039,-2.579135250824823,
n107,-1.8147507897862318,-3.230755651308337,-2.423066738481252,-4038.44456413542,-0.1767609841032335,-1.9660205856039028,-1.7841617719578347,-1.8804688547668194,-1.6961467169368767,-2.5038356297639606,-1.7659232643772684,
n108,-2.356863343584927,-3.857995052964407,-3.106376233931246,892.7579275236405,-0.3037930003943475,-2.1815718230925514,-1.99172980556573,-2.1103901747547122,-2.040584230735582,-3.1815381158345613,-2.4844368282257263,
n109,-2.5686461450888967,-3.586942567448869,-2.8865216268655405,-3183.5209062425547,-0.3870265266008316,-2.246069770782325,-2.0863502610765665,-2.179187985623803,-2.2343902601780976,-3.4568010715068276,-2.7188887061201354,
n110,-2.255784512015116,-3.9742420978770348,-3.2738211572937064,0.0,-0.4384552397203579,-2.34064072377049,-1.962414411339554,-2.280063668811179,-2.0186906313963777,-3.696136816483788,-3.0146664971521866,
n111,-2.5795773570805456,-4.177101468568595,-3.476680527985267,0.0,-0.395261780358432,-2.4123754381591582,-2.001657763269543,-2.367110003232984,-2.1504685529716774,-3.9998739904945295,-3.025592859299799,
n112,-2.8122886924626003,-4.620264742473803,-3.9198438018904747,-5495.348886346803,-0.28751884701115854,-2.54887896521419,-2.0264847318637034,-2.502184459684459,-1.6954567961215719,-4.374858672002501,-3.4217232817178536,
n113,-3.3464774523612824,-5.257143510018479,-4.320850919739962,0.0,-0.2748137241732465,-2.7783696974221503,-2.299793518033762,-2.7603341308521623,-2.4533510523377333,-5.225949928505116,-4.2586676015126095,
n114,-3.4628469751114763,-5.531263297675914,-4.594970707397396,-1121.406462030205,-0.3611837059213296,-2.72818890366942,-2.3650782188192223,-2.7845850700625228,-2.5235256327107254,-4.951830140847683,-4.05019751629798,
n115,-3.6177625241241125,-5.639015660029369,-4.702723069750851,0.0,-0.3758477358841289,-2.7690661365480738,-2.420566879554025,-2.8400737307973256,-2.696927697506984,-4.844077778494229,-3.8767954515017213,
n116,-3.916634409403565,-5.938808714883465,-4.922821898636023,0.0,-0.42906177089462705,-2.7997929264309103,-2.5172476891353437,-2.92320073587229,-2.9566995883662464,-4.920193811339336,-3.669218407623978,
n117,-4.159085280668803,-6.087933373732432,-4.92945468890154,-1559.5437687039898,-0.3025678774466013,-2.956840899975707,-2.5734793932782876,-3.047522375277328,-3.0043639966315223,-5.014863665620958,-3.808697068885427,
n118,-4.137128682710555,-6.242947943574561,-5.147521643784647,0.0,-0.33409548702969527,-3.0325766223405357,-2.638848547937347,-3.1033168495744743,-3.0198262546497086,-5.092375204890332,-4.0138580333644995,
n119,-3.4192235898169074,-6.448686085864899,-4.953645433453231,0.0,-0.5706839207686639,-2.950689609354835,-2.775361745619786,-3.0362946776594146,-3.2131696944678128,-4.820102319446883,-3.741585147921051,
n120,-4.036273866534253,-5.803977264284978,-4.70419363878838,-4660.365584663998,-0.48821086898795113,-2.891798732612339,-2.749176734568067,-3.0104838460586425,-3.5329972577996767,-5.058665969730022,-3.8878466674716234,
n121,-3.347363140666675,-6.3704011000091665,-4.875360447597498,328.78606821082593,-0.6903318217147904,-2.934215613619361,-2.79845044295011,-2.920338232238593,-2.865740955514423,-4.4266056731227215,-3.3682966459076376,
n122,-3.515391505539481,-6.23637711203213,-5.211301558559123,0.0,-0.5078854539252041,-3.034342724450599,-2.6647684936102434,-3.1449254315254467,-3.558773606997635,-5.098946036432762,-4.02042886490693,
n123,-3.7894589306102238,-5.683085270181338,-4.658009716708331,0.0,-0.3316740544878071,-3.200330277005837,-2.66150202343065,-3.276348069945043,-3.005481765146842,-5.652237878283554,-4.573720706757722,
n124,-3.971624734483757,-5.983810444019676,-4.978609723580807,-576.5413851880153,-0.19838297891933443,-3.0854278346319326,-2.496539175118679,-3.095103511447985,-2.550355533882958,-5.085848632980245,-4.007331461454413,
n125,-3.983478915540724,-5.678587437100985,-4.772601103062426,0.0,-0.08587755048138165,-3.0114098356588754,-2.3868823359375817,-3.008535833647645,-2.27730140419715,-4.794051354867715,-3.715534183341884,
n126,-3.390280166794472,-4.665036875762591,-3.7590505417240325,-5623.296628373148,-0.04453199069612817,-2.7174573850931982,-2.1040262565634342,-2.682005050440253,-1.6124141158914849,-4.34797844914559,-3.3806047466638334,
n127,-3.271814958862215,-4.4926582675318745,-3.5866719334933155,-3295.712928294145,-0.08679794105449425,-2.6704474970379244,-2.068563252518722,-2.631857560296443,-1.5458837821032085,-4.404372247574825,-3.4496265189446125,
n128,-3.2423439317514458,-4.707004474406425,-3.8010181403678653,-2664.867799982707,-0.09116379603172704,-2.710616987546114,-2.1371540387185783,-2.6877086136030193,-1.7602299889777588,-4.493067106273613,-3.525784779281106,
n129,-2.8068642637264367,-4.436620936021667,-3.861325366201347,-108.83377127271235,-0.2507502596106136,-2.486393471089511,-1.945417939948306,-2.438207056697928,-1.6464373736979243,-4.020822608349053,-3.049387221142779,
n130,-2.938171960979355,-4.409978676215547,-3.7003952757508483,0.0,-0.02867924585483614,-2.54006286588026,-1.8784809549162593,-2.4892991896723125,-1.0249250255417894,-3.7713536157973175,-2.8027034041679943,
n131,-2.8161077082504056,-4.286365139788049,-3.576781739323349,0.0,-0.02660057498158645,-2.5050935290637986,-1.8389025258557778,-2.449720760611831,-0.9185033926090245,-3.6476710249833135,-2.681403927637085,
n132,-2.7208475837646997,-4.01164804271033,-3.1511231462275813,0.0,0.18445545335129074,-2.45015999648265,-1.8158614605988947,-2.430707507113288,-0.4373753750559108,-3.0678052781703946,-2.113059549540182,
n133,-2.7052983375349795,-4.047473113978737,-3.231969274398746,0.0,0.1756786757959778,-2.4614532942966694,-1.8267630250479259,-2.4414943847490567,-0.3984832664469835,-3.0433201120460938,-1.9784634528890306,
n134,-2.402053944146921,-3.5278690025856787,-2.8407590184631433,880.5437292262285,0.06970308278902972,-2.3051085722643263,-1.65999532154676,-2.4856045118806183,0.08907723323700512,-2.5748967575463126,-1.6232147983778127,
n135,-2.972421410324738,-4.910465518957317,-4.04994062247457,0.0,0.1069589175297091,-2.7080925840940795,-2.078431365303246,-2.6958663327351187,-1.3697462858237188,-3.9161568615800633,-2.9193903509195023,
n136,-1.2732711768154605,-2.3331909678604896,-2.08053184262793,0.0,-0.36763846307589193,-1.6457345603098514,-1.4721234123938924,-1.4146555172736859,-0.9138431558598841,-1.8127778418015519,-1.686294731052858,
n137,-3.3829532456972,-5.493283307962546,-4.199529618927395,-4049.2448608915433,-0.6056840914418128,-2.4616557053113115,-2.357643613865876,-2.6037380111389856,-2.2486631013837592,-4.223943652563452,-3.275825261232853,
n138,-3.731043578699818,-5.463779371106511,-4.48382425273192,-4647.88261543917,-0.8740696752123924,-2.4998897740724044,-2.590286271464198,-2.6378555331207996,-2.9048827328719824,-4.6647601861657115,-3.6785373634489327,
n139,-2.380228983768274,-3.8934089910375573,-3.3209187103570534,0.0,-0.3115271210994433,-2.338618136130743,-2.123829071973635,-2.283138677293768,-1.4563399527557817,-3.4632878207699007,-2.4960054937773934,
n140,-2.5998005204358203,-4.0912088417486485,-3.373058251541206,0.0,-0.11836000337203516,-2.4145039299592,-1.944965900365961,-2.424573835217891,-0.8673367624955505,-3.4376111907609204,-2.482865462130708,
n141,-1.5129173106603195,-2.7938448291967877,-2.4582138490894723,0.0,-0.2199213137196393,-1.9769604485935832,-1.797527744971946,-1.9810233483782174,-0.7116705807299142,-2.6181391231622837,-2.2621362705256933,
n142,-1.6611134159756589,-2.889186412489567,-2.3284344831335573,0.0,-0.3074297093014007,-2.018858818699244,-1.8085249343514336,-1.9980796987125253,-0.5200281450699157,-2.3446753869692794,-1.9919833255199506,
n143,-1.6226697525512441,-2.9838625736673,-2.4231106443112895,0.0,-0.021765155139461406,-2.0928574990606066,-1.5611749365117153,-2.236201570570002,0.7669582606219102,-1.812102797437078,-0.8573570688068658,
n144,-1.4199737582152114,-3.070093976145083,-2.509342046789073,0.0,0.06850492622468102,-2.032048700759797,-1.4750332783961706,-2.1568017065567955,0.8983044009247045,-1.6204778602734193,-0.5957060317408661,
n145,-2.30314311607968,-3.716353209269104,-2.996730896897438,0.0,-0.08365754518347594,-2.3170957564990067,-1.9884748746410905,-2.3684382454696253,-0.6049142292887896,-3.059901849301742,-2.1051561206715292,
n146,-1.381781865383249,-2.2076795522273995,-1.794995418539355,0.0,-0.23181826022753735,-1.7606811441454369,-1.611601558833938,-1.7575696130951128,-1.156147352088027,-1.8362638319081597,-1.4766752873250948,
n147,0.8791044126260426,-1.3599528065318534,-1.2932869925196375,0.0,-0.020748382853973485,-0.891656522476966,-0.7489043817896898,-0.7873856337198303,1.3094952598762133,0.886625527045121,0.0727632888345981,
n148,0.5351746447609689,-0.9520086119834948,-0.8892406886283218,0.0,0.2771460414482593,-0.6312838418845167,-0.4510099574874569,-0.4950212739189891,1.0663272472915917,0.47109486767542186,0.517760937483973,
n149,0.13350408276162187,-0.6751304740496024,-0.6123625506944295,0.0,0.14935336578614136,-0.5963797751701219,-0.3880261920778817,-0.3879551648051798,0.5164790590339962,0.22947821822787431,0.2734157645764954,
n150,-0.14877102733473746,-0.41775997920443675,-0.35499205584926385,0.0,0.29486159168277304,-0.5494271823067782,-0.33794342635698194,-0.41741917371299897,0.6780344301328141,-0.027892276617291278,0.01604526973132979,
n151,-0.27013375568790415,-0.44649419971008847,-0.3837262763549155,0.0,0.28280403562880535,-0.5408069161550827,-0.32874847579517336,-0.45625524806879547,0.6262130040084836,0.0008419438883604315,0.0447794902369815,
n152,-0.8161822339592847,-2.1262397124960586,-1.7135555788080137,656.8854343184003,-0.25895849094109025,-1.6340442483186113,-1.4902658725130982,-1.621896241821209,-0.9238428742259536,-1.4315547290283261,-1.4022532228470328,
n153,-1.3383890279184012,-1.8510795026908613,-1.7338119097024265,0.0,0.06320243397983721,-1.4352478905130632,-1.198448603650831,-1.3216616004538353,-0.24530143797288126,-1.74553866900127,-1.3366054162302212,
n154,-1.552579944556237,-2.993582664079379,-2.4389163574164496,0.0,-0.00580992996090153,-1.7587480754578233,-1.5701611305957912,-1.6591433660665802,-1.0477337640982862,-2.2360825918038123,-1.8558015293835963,
n155,-1.5530731290159743,-3.206752926950771,-2.6520866202878413,0.0,-0.08435926344915413,-1.8422336022485897,-1.6589069347758012,-1.7484294058544854,-1.3220269514796403,-2.4454118904839723,-1.8798953384125139,
n156,-1.6028829977669827,-3.223526300385343,-2.471907481352182,582.4922878396809,-0.0920827285137782,-1.9941235115005043,-1.7504560949039876,-1.9104989051646881,-1.4273081795757638,-2.4619139073067613,-2.0209361899322853,
n157,-1.1581947568039757,-2.6386139769432777,-2.083947670280348,0.0,0.0936353700562992,-1.702820676353913,-1.5023597408020384,-1.6011699465642115,-0.8356769543795478,-1.8757234620862888,-1.4545351172469487,
n158,-0.8327858566762151,-1.4939740031624547,-1.4526710902554687,0.0,0.2037132898553374,-0.7485728655605123,-0.5317676908194476,-0.6566722750420904,-0.294360779943433,0.4711993240617881,0.590264405218132,
n159,-0.26927331926167636,-0.8706818787173972,-0.8040160647051814,0.0,0.10724185239511186,-0.7137796317797034,-0.5477020809812809,-0.6430983771232345,0.26915175747110565,0.39735459923066474,0.4440206690392158,
n160,-1.863320238767601,-3.2484337243680246,-2.6759434436875207,0.0,-0.24965080761142616,-2.1744879901213827,-2.039500654025208,-2.156045924175355,-1.0457551660991784,-3.0950811795199056,-2.4851442607058765,
n161,-0.010627349512341072,-0.8242973450821367,-0.7436696391724555,0.0,0.037211990330447114,-0.629009036659304,-0.35938951031841126,-0.4820796306783157,0.030149064369203636,0.003928698402735322,0.12299377955907927,
n162,-0.13382916588085392,-1.4771364193243048,-1.3965087134146237,0.0,0.246120494087941,-0.7450453711373963,-0.4872482985408101,-0.6079645383183093,0.5960128987931863,0.5790002390216846,0.8873789255225272,
n163,0.1508024580937136,-0.6264250679010467,-0.5669278575127333,0.0,0.059437691575948456,0.08394399366407217,-0.0077050521616691256,0.23447544780727947,1.7127444333565938,0.20399487414402256,-0.18516039919674349,
n164,0.3867639516229573,-0.8043042747950665,-0.7448070644067534,0.0,0.04146504436197284,0.1416076296907485,0.07420452212958144,0.2819946866542555,1.7791895633609993,0.3818740810380425,0.05800388540821462,
n165,0.020852568770165107,-0.671760927915207,-0.6122637175268937,0.0,-0.014904447430095027,0.016554522656741295,-0.04556267648992085,0.16525454220132652,1.4809403031608483,0.24779272812841424,-0.41747958359062937,
n166,0.056935924933976305,-0.6965328482439472,-0.672293023776279,0.0,0.1768091181932953,-0.15930964564457079,-0.18830324428724945,0.016670445122548828,1.0192574632540679,0.037837341864781056,0.07617597400692702,
n167,-0.6431992631471881,-1.178007511419608,-0.9856070206901005,0.0,0.09373138921624115,-0.2348080281895963,-0.15419851313625704,-0.05379043497745984,0.8021845353434971,-0.09169426139138627,-0.05335562924924037,
n168,-0.32284539826513986,-1.109525501429913,-0.9171250107004053,0.0,0.196404418659145,-0.2859558205544083,-0.2568715425791609,-0.12562765624511837,0.4813313183344226,-0.1601762713810816,-0.12183763923893567,
n169,-0.26246796658868743,-0.7707109286369349,-0.6264383562813897,0.0,0.17768616168767096,-0.48799379856223496,-0.263162668614878,-0.34352408806935486,-0.01827256480996222,0.4830711780860519,-0.15263353443855288,
n170,-0.1317223280611522,-0.5135619337352437,-0.4535923051992512,0.0,-0.06925553871220269,-0.3344808733708319,-0.15114310269138087,-0.418816016693431,-0.02248775496415336,-0.17256273486083942,-0.07929984441994693,
n171,-0.12199579176915339,-0.18119677347919524,-0.1569569490115269,0.0,0.18625362031824658,-0.24962475088479313,-0.013127723602261315,-0.16491893944999803,0.7152715964473363,0.009094019758750063,0.3554031606686602,
n172,-0.6640373443800685,-0.7853240640240109,-0.7610842395563425,0.0,0.19470777553937818,-0.12034349594042737,0.1113770496889874,-0.22181999603451824,0.6182348570025027,0.4681598771058167,0.5614227675467092,
n173,-0.5568978352398891,-1.1367349745702418,-1.1124951501025735,0.0,0.3248057848916651,-0.05299211227065268,0.1684478966745591,-0.11209178088115242,0.9360254819492175,0.7859505020525314,0.879213392493424,
n174,-0.766492923897833,-0.8761307550639628,-0.8133628317087898,0.0,0.1971494302948156,-0.41191594954892047,-0.19126477808193348,-0.305811115522289,0.04946094591179769,0.18057758129897913,0.27384047173987164,
n175,-4.027709016989283,-6.353413310535285,-5.353412478172741,0.0,-1.041116520321784,-2.6781015646389132,-2.8484523848658885,-2.8566415614815073,-3.46506397283045,-5.102651970676056,-3.9623774137039507,
n176,-4.336625897236719,-5.923964372909746,-4.944009254535156,0.0,-0.9260674197821995,-2.5813629392625863,-2.7513742900286045,-2.7546603619273418,-3.3316287487323035,-5.176615495522548,-4.130087038834382,
n177,-4.545776365313236,-6.138225397716701,-4.962684533075364,-4217.605517882018,-1.5086916389280371,-2.1665583157298616,-2.3399405155235105,-2.342842359399345,-3.1584058287405643,-5.921264943615117,-4.521264943615119,
n178,-3.660487182508442,-5.119579783075703,-4.120694170610829,-2529.880462237027,-1.1752918583067822,-2.257904324142758,-2.4088883577027924,-2.4088883997027923,-2.2606267064270855,-4.6481154397601525,-3.5983507016317877,
n179,-3.376996000744851,-5.2112884904698635,-4.20804400390975,-4588.7542005725445,-1.0410323273650701,-2.092862472418543,-2.232290686859678,-2.2323704512027045,-2.755371277083489,-4.162781141380498,-3.1651526839564257,
n180,-3.6808657111016516,-5.944401859623357,-4.964446741248768,0.0,-0.7306565764177001,-2.6457652088603703,-2.7458867352380283,-2.7934559968946298,-3.0311839909089304,-4.876170737699174,-3.8296422810110093,
n181,-3.9707055665151754,-5.676495446022941,-4.676494613660398,0.0,-0.8245028036778337,-2.731720123885462,-2.912443126994035,-2.913834691344494,-3.8408369881142157,-5.685823734904461,-4.639295278216295,
n182,-4.749256693239706,-7.5489030813161095,-5.900146125765861,0.0,-1.175689698740155,-2.878735147116152,-3.102348387257274,-2.7134830269135817,-2.580397382686956,-4.270546936572637,-2.7217481796129848,
n183,-3.584311324447585,-5.528978622167121,-4.622992288128561,-550.6216451703507,-0.28274439775343846,-2.8945676300912475,-2.4001857660020005,-2.899022298399885,-2.5379049795302646,-5.133979721839898,-3.763720578223386,
n184,-0.8669457261964363,-1.8497813920055988,-1.6699619435217183,0.0,-0.17490506204224657,-1.3861896560260487,-1.176089824186751,-1.2655532063577877,-1.103980757092186,-1.3495155034726147,-0.9692344410523993,
n185,-1.1480880513262692,-1.6365498218680605,-1.3122111714674962,0.0,-0.038302793187606904,-1.481212614271831,-1.2813266830339878,-1.4047230228768377,-0.7940204998107823,-0.8007330116140325,-0.6280969235875563,
n186,0.3432899817541433,-1.5453684500396387,-1.3674529483597342,0.0,-0.2791613171820903,-1.1050103179113822,-0.8808098299911773,-1.0357434991457062,0.7958775016609587,0.32439731396231825,-0.7499584605890562,
n187,-0.2867563901899823,-0.932802505179493,-0.8353030721817718,0.0,0.11776162130655281,-0.3544669708003045,-0.25176295999151277,-0.1652497000703095,1.0527555000642563,0.7295517859955071,0.30880613399407747,
n188,-3.216724213745723,-4.212714107409311,-4.212714067409311,0.0,-0.8478027057726961,-1.263813220283253,-1.347802963772696,-1.3479372428128147,-2.105952864243491,-4.190235216682034,-3.4045917602564977,
n189,-3.35309788082994,-4.879475999988821,-4.149114471573602,-5033.080347505591,-1.0460345550319543,-1.5679625892193303,-1.6724807144918823,-1.672126522162214,-2.98765080096415,-4.215850224901039,-3.225474834364155,
n190,-2.9817317114334427,-5.669152593652436,-4.696293733523491,0.0,-1.0062193523007166,-1.870770002387715,-1.9976301539062051,-1.9978045115775007,-2.6656293533127933,-4.671705950494221,-3.8950242655564797,
n191,-3.8179059154576964,-5.116431460811763,-4.386069932396544,0.0,-1.0506860171571946,-1.7719737298910294,-1.8868759091050258,-1.8901052044170985,-2.422899364565809,-3.923634914191359,-2.966196344281941,
n192,-3.1593421848917997,-5.344142547606247,-4.427932586310847,0.0,-1.1076434695716395,-1.9774584002884297,-2.10720944845617,-2.1109078830068593,-2.406771217367714,-4.109029509122001,-3.329177368470271,
n193,-3.8456893334459408,-6.930539087080021,-5.466762817204487,-37.96707305600616,-1.3299577960980586,-2.829266160535669,-3.004690504941828,-3.017883797104713,-2.730175259174777,-5.581970822782268,-4.199159522750419,
n194,-4.19481463965549,-6.664533698053446,-5.259507835641814,-3799.888991886913,-1.039745196131774,-2.6620136030632406,-3.036926197757523,-2.9234682218245642,-3.5408810063516705,-5.230049301762289,-3.6512570261857906,
n195,-3.6981020246751712,-5.584666875326364,-4.678680541287805,0.0,-0.022546657526014757,-2.942385701819217,-2.32834402421006,-2.9457789916419332,-1.9924702248253883,-4.610926767609561,-3.5324095960837303,
n196,-1.9304260781552298,-3.4332588421043586,-2.7236754416396587,601.2130919621115,-0.20292699731929975,-2.205280870337504,-2.014192390865069,-2.249168793333802,-0.4344633575637243,-2.699988876134751,-1.8495169065292698,
n197,-1.709751601138485,-2.4338357400185235,-2.254016291534643,0.0,0.11416713198255471,-1.6004120200703884,-1.402274967559432,-1.5054403130958853,-0.5674117235648646,-2.23768098302358,-1.8573999206033642,
n198,-1.105194936929876,-1.7334157048781211,-1.4090770544775568,0.0,0.030391071614865435,-1.463750551603448,-1.2517443470440075,-1.3678196812863752,-1.0086888273185084,-0.9232080214938096,-0.7382385127605158,
n199,0.7887418599572631,-1.1979893623584488,-1.1313235483462327,0.0,0.20027173524673436,-0.7072582003571719,-0.5248595050002135,-0.5761627827818032,1.2756357113736252,0.7246620828717161,0.7713281526802672,
n200,-0.1660516779154572,-0.22817519419852791,-0.18687228129154201,1052.6303597916153,0.06232531218730153,-0.4095163312684795,-0.22089710034041948,-0.3257550406368106,0.0538428471539982,-0.06507548744107203,-0.036163448406181915,
n201,-0.6651333862059516,-0.901439719216365,-0.7571671468608199,0.0,0.2108651483780841,-0.5343167629112692,-0.2942621681923887,-0.4347632316499845,-0.12670830947316944,0.6283792227950988,-0.021904743859122784,
n202,-0.08598365846005668,-0.9231203254853406,-0.8256208924876194,0.0,0.11393297958808203,-0.4717184662678886,-0.19749794109071908,-0.32127252628695113,0.02652148921356575,0.45932498837553287,0.0465951596226624,
n203,-2.471989403986602,-2.9841477132576455,-2.804225916872381,0.0,-0.06908943216571631,-1.7727937348097338,-1.5612007239926553,-1.6843316966305124,-1.1855065335644586,-2.8294918293956366,-2.357298825227377,
n204,-1.1173744725298806,-1.566837804615837,-1.3408493670358568,-2234.748945059761,-0.2826027520689796,-1.614834491809224,-1.4048854971060416,-1.5883811005123132,-0.9385945569250997,-1.3855443459370516,-1.0726794936286859,
n205,-0.8635421241470804,-1.381667398635329,-0.9108669598695686,-1727.084248294161,-0.18335418492219527,-1.6789554656611003,-1.3667594161465377,-1.525608053891657,-0.28458483761979797,-1.0707922339423797,-0.7147893813057897,
n206,-1.9260477455030678,-2.8478365280595757,-2.287084598703565,-3852.095491006135,-0.35212305286931866,-2.0944710956978727,-1.756259388676524,-2.080583166888339,-0.30179000163231184,-2.343159791639166,-1.8490058356829453,
n207,-0.11885961239603413,-0.1901753798336546,-0.14263153487524094,-237.71922479206827,-0.005832264362961926,-0.4540437193528503,-0.306657799981768,-0.35657883718810235,0.1147676126602562,0.03274838167623092,-0.11410522790019277,
n208,-1.4018798233900263,-2.2430077174240424,-1.6822557880680318,-2803.7596467800527,-0.19616267656605202,-1.920113675330261,-1.6017477519304653,-2.085264253773722,0.0735129200764751,-1.738330981003633,-1.3458046304544256,
n209,-0.15691980838793243,-0.2510716934206918,-0.1883037700655189,-313.8396167758648,0.24248440833293375,-0.5994336680419017,-0.39128367780778023,-0.47075942516379726,0.5266587019399289,-0.1945805624010362,-0.15064301605241515,
n210,-0.3330817515746164,-0.5329308025193863,-0.39969810188953964,-666.1635031492326,0.007585373789060694,-0.36255213984317164,-0.1386100477291347,-0.4957627805627701,-0.2629463920558382,-0.41302137195252425,-0.3197584815116317,
n211,-0.1100495317386311,-0.17607925078180986,-0.13205943808635737,-220.09906347726226,0.024230053421082705,-0.4203892112415709,-0.2623707190982748,-0.3301485952158934,-0.09244160666045013,-0.13646141935590259,0.06153134480934181,
n212,-0.4368942938244553,-0.6990308701191287,-0.5242731525893465,-873.7885876489108,-0.5603009711079262,-1.3544924114602113,-1.127187278067095,-1.3106828814733664,-0.07078762242839153,-0.5417489243423246,-0.2048725591319777,
n213,-0.44478875419976205,-0.7116620067196194,-0.5337465050397144,-889.577508399524,-0.5459473790444964,-1.3160077621482411,-1.1475549858353862,-1.2759711128116513,0.01259817216947074,-0.4148508870167644,-0.42699720403177166,
n214,-1.9392280765941325,-3.2073173412856297,-2.480875272400655,-4134.792120667757,-0.12523094316281866,-2.1813791895130725,-1.97165355679222,-2.252183304961576,-0.1921968796982608,-2.56357111481401,-1.9847002179205235,
n215,-2.1513122412068695,-3.4420995859309915,-2.581574689448243,-4302.624482413739,0.0021999471819026182,-2.281800088120686,-1.7292877550163748,-2.4425673777253847,0.09389556076081555,-2.65598173291794,-1.701236004287727,
n216,-1.5702443371672978,-2.838333601858795,-2.1287502013940953,-3547.9170023234924,-0.24330573977940576,-2.070684067685022,-1.853578760175633,-2.1944402575557853,-0.03922593943993348,-2.199708541440565,-1.703000161115277,
n217,0.00667506869835487,-0.23987851414396993,-0.17990888560797746,-299.84814267996245,0.018323155557004932,-0.4006216573573015,-0.23668844633766956,-0.3754545441816142,0.11301684663527369,-0.1859058484615767,-0.14392710848638202,
n218,0.11986093912418185,-0.26666325604886343,-0.19999744203664754,-333.3290700610792,-0.0018078803844232016,-0.5885286048627639,-0.39905172563513286,-0.4999936050916189,0.5647098297990863,-0.20666402343786908,-0.15999795362931804,
n219,-1.0001583311949689,-1.6507365347521765,-1.238052401064132,-2063.42066844022,-0.4100400258196087,-1.6017266444997544,-1.4950139690579227,-1.5902418573579562,-0.7745238178997469,-1.2793208144329367,-0.9267500451031512,
n220,-0.7739559871102148,-1.9651151734297163,-1.5514108547258636,-2585.6847578764377,-0.3108448026473783,-1.6169753520673356,-1.4793912306165462,-1.6065071454300426,-1.0859875983081038,-1.5936994531104764,-1.2411286837806907,
n221,-2.178346138621536,-3.4853538217944586,-2.614015366345843,-4356.692277243072,-0.12359257797008191,-2.191259717934284,-2.093526810214287,-2.2190771356881207,-0.6518231984699777,-2.7011492118907046,-2.0912122930766754,
n222,-0.10325728226746474,-0.16521165162794366,-0.12390873872095773,-206.51456453492955,0.042216551562133296,-0.3944428182617154,-0.2007487667178325,-0.3097718468023944,-0.009120695416586085,-0.1280390300116563,-0.09912699097676621,
n223,-3.454579739258957,-4.675423047928616,-3.7694367138900575,-6909.159478517912,-0.047331747729241126,-2.7092147419288866,-2.0887714020323718,-2.6836820799694032,-1.623100264992513,-4.283678876681106,-3.316396549688599,
n224,-0.8108466260014109,-1.2973546016022572,-0.973015951201693,-1621.6932520028217,-0.10914848143341098,-1.389419192036681,-1.199097766390051,-1.3226756609456518,-0.681111165841185,-1.0054498162417496,-0.7784127609613546,
n225,-0.060599561169170826,-0.09695929787067335,-0.07271947340300501,-121.19912233834165,0.21320961251297357,-0.23149032366623254,0.003560291832198191,-0.15638019265815842,0.7976241951460733,-0.07514345584977182,0.4396406362771821,
n226,-1.3866657666573257,-2.218665226651721,-1.6639989199887912,-2773.3315333146516,0.1108622319337221,-1.593819174649846,-1.3715395627732656,-1.483440742602382,-0.41572820408799127,-1.503448486610509,-1.331199135991033,
n227,-3.409806173679338,-4.4381508257867734,-3.5321644917482145,-6819.612347358675,-0.057808848425685275,-2.6381288834176257,-2.028886034793036,-2.612603378065308,-1.3858280428506704,-4.228159655362378,-3.2734139267321654,
n228,-2.7522648633484703,-4.635212289996342,-3.9347913494130133,-7014.978961990072,-0.2677751899399374,-2.5278313661576175,-2.014520654111402,-2.500301885093039,-1.6652142910606171,-4.3344722287477415,-3.367189901755235,
n229,-0.3606814308888623,-0.5770902894221799,-0.4328177170666347,-721.3628617777246,0.23964476623639253,-0.47391667531301207,-0.2157844972850787,-0.34747075496706725,-0.21189320402471723,0.47773746762356495,-0.3462541736533079,
n230,-0.4810012268237689,-0.7696019629180303,-0.5772014721885227,-962.0024536475377,0.2244211647367461,-0.20781323874967222,-0.28488828865676197,-0.034562826161778096,0.7659440734918117,-0.5000998098929641,-0.4617611777508182,
n231,-0.334504461993093,-0.535207139188949,-0.40140535439171166,-669.008923986186,-0.14589626694447408,-0.8006730278545428,-0.5268935355892174,-0.6624582470923243,-0.26646727276089643,-0.4072977916975177,-0.2882327105411738,
n232,-0.14874302597078307,-0.237988841553253,-0.17849163116493974,-297.48605194156613,-0.06486190085534549,0.07045297548294553,0.010973651403154832,0.2617186003723785,1.6918235314110506,-0.184441352203771,-0.14279330493195178,
n233,-0.24374858249430292,-0.3899977319908847,-0.2924982989931635,-487.4971649886058,-0.05593590611380186,-0.45301986106371744,-0.15459405603103268,-0.27728417639093716,0.5596440827080216,0.18674701280689873,-0.23399863919453084,
n234,-3.8518470411636834,-5.808130866455723,-4.62221644939642,-7703.694082327365,-0.23229138650611106,-2.981008447867898,-2.4772894492122903,-3.0121038431984317,-2.7076016566757573,-4.776290331042968,-3.697773159517137,
n235,-4.181497508065716,-5.671428022435942,-4.576001722646028,-8362.995016131434,-0.46515792869257877,-2.877873702401586,-2.697049496256712,-3.069731841761692,-3.5124579067752015,-5.185056910001488,-4.014237607743089,
n236,-1.5857800968076357,-3.0064752761326434,-2.2548564570994825,-3758.094095165803,-0.08831339372187395,-1.9403259286278631,-1.7257797866752769,-1.8530840270406135,-1.5783995199696372,-2.3300183390027973,-1.8038851656795858,
n237,-3.676075296064761,-5.3457006513760605,-4.3533027184437625,-7374.6348634982905,-0.5467283776438638,-2.53988501491483,-2.345001561503197,-2.6675528710770213,-2.1352086008673834,-4.487943125809778,-3.5398247344791787,
n238,-0.42523243270122896,-0.6551975640409552,-0.4541835496441569,-850.4648654024578,-0.11068697382744729,-0.7812081559251547,-0.5203156828370143,-0.6240613111396823,-0.3571952434690323,-0.5272882165495238,-0.4082231353931799,
n239,-2.522953123309085,-4.3783699966137215,-3.677949056030393,-6380.026918294496,-0.6402833039335842,-2.312445429848791,-2.1465099648601225,-2.269640937497979,-2.679611305683689,-3.955616689342587,-3.0624129207813593,
n240,-0.2015692647742028,-0.3225108236387245,-0.2418831177290434,-403.13852954840564,-0.12335969653144475,-0.7699945914374546,-0.5152702433312614,-0.6047077943226085,-0.07183380461397745,-0.2499458883200115,-0.08471851549252941,
n241,-3.8056507970184446,-5.188459475768947,-4.307885267028688,-7976.797292525751,-0.4118194853009045,-2.6444655808317967,-2.2761909685458206,-2.6801848700522637,-2.197275007678666,-4.776981091742961,-3.8288627004123614,
n242,-2.4562964727484102,-3.6417256014071895,-2.998871299206027,-5430.289653707601,-0.4045570974674941,-2.218692601152578,-2.0617742540471014,-2.1527516985646704,-2.280721654557192,-3.3667795852987124,-2.606539033779649,
n243,0.8468636991100276,0.1690209710674457,0.12676572830058427,211.27621383430707,-0.2926490580664144,0.4035375684235265,0.373527402222283,0.6157079021912316,2.8232961334497086,0.9485391191060046,0.9901871663778239,
n244,-3.737601631029169,-5.980162609646672,-4.4851219572350045,-7475.203262058338,-0.6316255981095876,-2.9746056923516537,-2.9233267598661077,-2.8863671652695824,-3.1395853700645016,-4.634626022476168,-3.588097565788003,
n245,0.29998815924814143,-0.21931010394342063,-0.16448257795756546,-274.13762992927576,-0.14573309031055387,0.22706364106391003,0.18075649501950555,0.4309889820455335,2.2207934741396604,0.3466396121948783,0.3882876594666975,
n246,-2.1733961957167325,-3.805374052429552,-2.854030539322163,-4756.717565536938,-0.36002026069181137,-2.0424345446836427,-1.8588564964417271,-1.9753318375831723,-1.9978213775255138,-2.9491648906329018,-2.055961122071675,
n247,0.0,0.0,0.0,0.0,0.09132493672604439,0.0,0.15075164634649207,0.20684527760297625,1.9764324343396815,1.3153225176705403,1.353661149812686,
n248,-4.458086919668989,-7.010018001249479,-5.3497043036027865,-8916.173839337976,-1.1392205331974752,-2.7531351886670783,-3.157489132433818,-2.9089342777876794,-3.159428540499572,-4.839529919084434,-3.303064248826829,
n249,-4.457200117141366,-6.4021768245590485,-5.32536282375659,-9047.073770649458,-1.002503818426836,-2.6260451146095773,-3.097905582687896,-2.8974136835565485,-3.799770983672773,-5.490238519311615,-3.9136138996801875,
n250,-4.078108160035521,-6.595027822200994,-4.946270866650746,-8243.784777751243,-0.9588981597845065,-2.6640797352412435,-2.9765961564140255,-3.018723109830418,-3.462389606655522,-5.111146562205771,-3.649836172871474,
n251,-3.3861371118950054,-5.357118223309158,-4.063364534274006,-6772.274223790011,-0.6365624811586643,-2.488795724506171,-2.3993829379132507,-2.6217446769473454,-2.1124980167303704,-4.198810018749806,-3.250691627419206,
n252,-0.4495486212097009,-0.7192777939355216,-0.5394583454516411,-899.0972424194019,-0.12271787217658886,-1.0903492254102833,-0.8557783857181197,-0.9613110798494114,-0.1474265659838003,-0.557440290300029,-0.26524096905412875,
n253,-4.138114181971162,-6.620982691153862,-4.965737018365396,-8276.228363942322,-1.2827411842410852,-2.88982234191572,-3.1091118440176624,-3.0027890570111477,-3.0592264328812573,-5.131261585644242,-3.9725896146923168,
n254,-1.6611825644288882,-2.240326729775381,-1.9934190773146663,-3322.3651288577767,-0.06530945079068193,-1.545370583409979,-1.3200803661031841,-1.4463089819161874,-0.6747110643318218,-2.0188395692587098,-1.594735261851733,
n255,-0.6316478130814002,-1.0106365009302403,-0.7579773756976804,-1263.2956261628005,-0.270308415866339,-1.2880780982075652,-1.0532140877011917,-1.088536821756311,0.4085303381397906,-0.7832432882209363,-0.36374026412260835,
n256,-4.024013280795903,-6.438421249273445,-4.828815936955085,-8048.026561591806,-1.1969353732902972,-2.8063321718449115,-3.08116227348089,-3.09184523842001,-3.337526999783952,-4.882639910363298,-3.8630527495640683,
n257,-0.2931689824710873,-0.4690703719537399,-0.3518027789653048,-586.3379649421747,-0.14123936608427237,-1.0208341210402212,-0.7563759747754054,-0.8795069474132622,0.6965001152746478,-0.36352953826414836,0.04540371450690037,
n258,-1.646798081217168,-2.634876929947469,-1.9761576974606017,-3293.5961624343363,-0.3504719295658267,-1.7052870373271451,-1.5756806628761963,-1.6703149359761464,-1.3833103882224214,-2.0420296207092887,-1.5809261579684817,
n259,-3.689545129072581,-5.3272053315672565,-4.351961147091124,-7379.090258145162,-0.8993671811169024,-2.4596572814189983,-2.6246484908650523,-2.624648532865052,-3.041456772411236,-4.575035960050001,-3.5419633239096786,
n260,-3.7491597790298785,-5.118737096838807,-4.119851484373933,-7498.319558059758,-1.1408390580320327,-2.2206475313897944,-2.3666111882976257,-2.3702659253544054,-2.135112179687937,-4.648958125997049,-3.5991933878686844,
n261,-2.2479444374420487,-3.3078582645672574,-2.6975333249304585,-4495.888874884097,-0.6795339064764,-1.5731180148652093,-1.4907050589058848,-1.726550960674194,-1.8882733274513213,-2.7874511024281405,-2.1580266599443676,
n262,-0.6956081269524897,-1.1129730031239837,-0.8347297523429879,-1391.2162539049796,0.06635122654501753,-0.5838734713637114,-0.5266938959393956,-0.4281952707753859,1.1332273763591985,0.8433703989476035,1.4309163139094856,
n263,-3.921705637049673,-6.69791344779599,-5.292928637149787,-8821.547728582977,-1.2452979253546523,-2.703354299693234,-2.915083926227022,-2.8874966200571395,-3.0136727676415305,-5.469359591721445,-4.23434290971983,
n264,0.43190255172583114,0.01453767555433711,-0.0771583622150386,-128.59727035839762,-0.28659906298177307,-0.2456207863845395,-0.16589047876233295,-0.17107872210484118,2.1060217458087647,1.9708810776259242,0.30340563523116476,
n265,-3.4134388632319803,-5.099539865723588,-4.096126635878376,-6826.87772646396,-1.029370611369189,-2.06919024838303,-2.2071361154752323,-2.2061845030215332,-2.8672886451148627,-4.232664190407654,-3.2769013087027012,
n266,-2.436773021748539,-3.5005379130205885,-2.924127626098247,-4873.546043497077,-0.7026027172332371,-1.6650831234102874,-1.5888011746873012,-1.6891110555140558,-2.0468893382687727,-2.8291053888487547,-1.8733425071438015,
n267,-3.446059066192441,-4.9523508403082515,-4.135270879430928,-6892.1181323848805,-1.0489414185350867,-1.5921812377509397,-1.6981745267655652,-1.6983460656916434,-2.8946896156016497,-4.273113242078625,-3.3082167035447436,
n268,-1.8259038210380474,-2.9214461136608763,-2.1910845852456573,-3651.8076420760945,-0.652833218890744,-1.4652244421166727,-1.562905922124451,-1.5423224203971835,-1.5337592096719599,-2.264120738087179,-1.752867668196526,
n269,-3.555269760222965,-5.24989531007368,-4.266323712267559,-7110.539520445932,-1.2179132469742913,-2.0692330286441916,-2.2071817477538045,-2.2071817897538044,-2.004085932457872,-4.408534502676476,-3.413058969814048,
n270,-4.178632594611046,-5.789926671782594,-4.806323914648237,-8357.265189222091,-1.1866456038197428,-2.215547402088676,-2.36498543685964,-2.363250454761255,-3.510051379473279,-5.181504417317695,-4.011487290826605,
n271,-3.2221614672978593,-4.436706848672812,-3.7063453202575922,-6444.322934595719,-0.9598968114085886,-1.574805217142186,-1.6807079360264219,-1.680707978026422,-2.7066156325302018,-3.7356585562296565,-2.7701698903327383,
n272,-4.834925004283033,-6.413376479890674,-5.237835615249337,-9999.999999999998,-1.5466457038564145,-2.2501788326453256,-2.4321959449577037,-2.43536992386968,-3.1505360262423974,-6.199999999999999,-4.8,
n273,-3.5072827836556413,-5.152387705974167,-4.179528845845222,-7267.809849638691,-1.0639715990651961,-1.9799079516821123,-2.1008770520263997,-2.111749173095563,-2.2174130856209606,-4.506042106775988,-3.4885487278265725,
n274,-3.5246844379661066,-4.682212088446941,-4.244465959443795,-7074.109932406324,-1.1284368653807706,-1.531550464354002,-1.6360334431841896,-1.6360334851841896,-2.971126171610656,-4.385948158091919,-3.395572767555036,
n275,-4.337955355729298,-5.637085760907083,-4.9045792881260235,-8675.910711458595,-1.309632072319154,-2.148227007504994,-2.2914419918719937,-2.2829624164280955,-3.6438824988126113,-5.37906464110433,-4.164437141500128,
n276,-3.7229737688555917,-5.022117223092059,-3.8922921605288723,-7445.947537711184,-1.1059124800522502,-1.5066355009276173,-1.607077718189459,-1.6070777601894588,-2.4845966945844276,-4.616487473380935,-3.5740548181013696,
n277,-3.8665648022851014,-4.7863059036023605,-4.0674371178392335,-7733.129604570201,-1.030452857815547,-1.4587653968450665,-1.5505790531877985,-1.5557913845214,-2.3229245527480042,-4.794540354833525,-3.711902210193697,
n278,-3.6487507728047945,-4.647012152225302,-3.9915125196901307,-7432.850408398353,-0.9870438375120965,-1.3940975074373978,-1.4870440955120965,-1.4870280831727059,-2.265535689080845,-4.608367253206977,-3.56776819603121,
n279,-5.0,-6.275813091884202,-4.91643145895518,-10000.000000000002,-1.6629360322492956,-2.041892760095907,-2.1697443827844323,-2.1779703529107053,-2.5398076240309173,-6.200000000000001,-4.800000000000002,
n280,-3.404598478512003,-4.6930628399704535,-3.6723472307644713,-7485.115572916405,-1.007958597351648,-1.4137115670171698,-1.502411712539124,-1.5079588973516478,-2.667085695060003,-4.64077165520817,-3.5928554749998747,
n281,-4.846120540216793,-6.283596068745821,-4.762551999171972,-9899.990027383343,-1.6361735409273304,-2.0026630766193714,-2.120502955653806,-2.1361738409273303,-2.574865996677027,-6.137993816977671,-4.751995213144005,
n282,-3.9827605902806664,-5.1322346219384025,-3.9176219007395985,-7965.521180561333,-1.1240949838270828,-1.5392250514854182,-1.6362344233584467,-1.642315327820289,-3.1491500814707702,-4.938623131948026,-3.8234501666694407,
n283,-4.470575423261876,-5.742626029166147,-4.111388135172365,-8941.150846523751,-1.4159514898728336,-2.010169085562282,-2.0033443093092282,-2.1378331041630063,-1.8524546691338986,-5.543513524844724,-4.143513524844724,
n284,-2.6740880007239,-3.7673200608899093,-2.759964176842688,-6241.496630843088,-0.8803400934817893,-1.4098208140590802,-1.372047350040869,-1.698859868725161,-0.621688584313065,-3.869727911122712,-2.4697279111227113,
n285,-4.159988300665096,-5.413432351473957,-3.6277771746183003,-8319.97660133019,-1.4318321107841105,-1.9098638336345992,-1.8918450528929485,-2.250351886027482,-1.385631898486848,-5.158385492824718,-3.9935887686384928,
n286,-2.1052931473768517,-2.782175503973844,-1.7628238515524282,-4637.927103484805,-0.5662935557033113,-1.107746671615848,-1.0496637024199493,-1.7381828056913196,-1.217382986747023,-2.875514804160578,-1.4755148041605781,
n287,-2.233146660879952,-2.7834224862169226,-1.8906773650555289,-4653.072340229745,-0.5902289539018598,-1.1465683561281654,-1.0593917102690555,-1.8024745976416405,-1.4182948365917756,-2.884904850942442,-1.6764266540053305,
n288,-2.3683410188134406,-2.926854004848248,-2.025871722989017,-4736.682037626882,-0.6361270398638839,-1.189597811717563,-1.0807157207866434,-1.8483726836036645,-1.5617263552231007,-2.936742863328666,-1.8198581726366558,
n289,-1.6557339899269599,-2.4040592359468844,-1.3132646941025363,-3968.9098671355114,-0.4294588795622076,-0.9758157030516188,-0.9126372929193229,-1.620338434359991,-1.666942144196915,-2.460724117624017,-1.107251143750175,
n290,0.9959852471984539,-1.6000000000000003e-7,-1.2e-7,-0.00019999999999999996,0.4999999999999999,-3.8199999999999995e-7,-2.5799999999999995e-7,-3.0e-7,1.7299401148811786,-1.24e-7,-9.600000000000001e-8,
